<?xml version="1.0" encoding="utf-8" standalone="yes"?>
<set xmlns:noNamespaceSchemaLocation="CardSet.xsd" name="DMRP-04 The Rise of Master Dolszak!! ~Demon Phoenix of Moonless Night~" id="31a491c5-862a-49ee-8369-563d7c52d938" gameId="bb784fc6-fe21-4603-90d7-82c049908a74" gameVersion="3.0.0.0" version="2.0.0.0">
	<packaging>
		<pack name="Booster" id="4947a92c-1253-4f24-aead-00d59e50d8bd">
			<options>
				<option probability="0.083">
					<pick qty="1" key="Rarity" value="Super Rare" />
					<pick qty="5" key="Rarity" value="Common" />
				</option>
				<option probability="0.250">
					<pick qty="1" key="Rarity" value="Very Rare" />
					<pick qty="5" key="Rarity" value="Common" />
				</option>
				<option probability="0.667">
					<pick qty="6" key="Rarity" value="Common" />
				</option>
			</options>
			<pick qty="1" key="Rarity" value="Rare" />
			<pick qty="3" key="Rarity" value="Uncommon"/>
		</pack>
	</packaging>
	<cards>
		<!-- ======================================== DMX 16 ===================================-->
		<card name="Atari Ponnosuke" id="f49b1304-bcfe-47fd-afa4-e1ce4af3aed9">
			<property name="Format" value="OCG" />
			<property name="Civilization" value="Colorless" />
			<property name="Cost" value="6" />
			<property name="Type" value="Creature" />
			<property name="Race" value="Jokers" />
			<property name="Rules" value="Double breaker
(This creature breaks 2 shields.)	&#xd;&#xa;When you put this creature into the battle zone, choose a creature other than Atari Ponnosuke.	&#xd;&#xa;Ignore the abilities of creatures that have the chosen name." />
			<property name="Power" value="6000" />
			<property name="Rarity" value="Super Rare" />
			<property name="Number" value="S1" />
		</card>
<card name="Sky Dragon's Final Judgment" id="b15df29f-e4fb-4453-a096-68e50bcd2697">
			<property name="Format" value="OCG" />
			<property name="Civilization" value="Colorless" />
			<property name="Cost" value="7" />
			<property name="Type" value="Spell" />
			<property name="Race" value="Judgment Emblem" />
			<property name="Rules" value="Attack Chance: Master Dragon (When one of your Master Dragons attack, you may cast this spell for no cost.)	&#xd;&#xa;Tap all your opponent's creatures in the battle zone. They don't untap at the start of their next turn.	&#xd;&#xa;You may untap all your Master Dragons.	&#xd;&#xa;After you cast this spell from your hand, put it on top of one of your shields instead." />
			<property name="Power" value="" />
			<property name="Rarity" value="Super Rare" />
			<property name="Number" value="S2" />
		</card>
<card name="Tigavock, Sea General" id="842db527-d592-42f0-9b7e-428a54e2255a">
			<property name="Format" value="OCG" />
			<property name="Civilization" value="Water" />
			<property name="Cost" value="7" />
			<property name="Type" value="Creature" />
			<property name="Race" value="Mutopia" />
			<property name="Rules" value="This creature costs 1 less to summon for each card you drew this turn. However, it can't cost 0 or less.	&#xd;&#xa;Blocker &#xd;&#xa;Double breaker	&#xd;&#xa;When you put this creature into the battle zone, draw up to 3 cards." />
			<property name="Power" value="6000" />
			<property name="Rarity" value="Super Rare" />
			<property name="Number" value="S3" />
		</card>
<card name="Jabbaranga, Misfortune Demon 07" id="fe4fca5b-073a-414b-97c5-cb544a632d38">
			<property name="Format" value="OCG" />
			<property name="Civilization" value="Darkness" />
			<property name="Cost" value="7" />
			<property name="Type" value="Creature" />
			<property name="Race" value="Mafi Gang/Demon Command" />
			<property name="Rules" value="Double breaker	&#xd;&#xa;When this creature or one of your other creatures are destroyed, you may put a darkness creature that costs 1 more than it from your graveyard into the battle zone." />
			<property name="Power" value="6000" />
			<property name="Rarity" value="Super Rare" />
			<property name="Number" value="S3" />
		</card>
<card name="Heinrich Darmark" id="2be405f5-9831-4c50-8817-0f6fc441afe1">
			<property name="Format" value="OCG" />
			<property name="Civilization" value="Darkness" />
			<property name="Cost" value="6" />
			<property name="Type" value="Creature" />
			<property name="Race" value="Mafi Gang" />
			<property name="Rules" value="Double breaker	&#xd;&#xa;Whenever you put this creature into the battle zone or attacks, you may put the top card of your deck into your graveyard. If you do, put a darkness creature that costs 4 or less from your graveyard into the battle zone." />
			<property name="Power" value="6000" />
			<property name="Rarity" value="Super Rare" />
			<property name="Number" value="S4" />
		</card>
	</cards>
</set>

